,0,1
0,The landmark referendum heralds a new era for women’s rights in a government that for centuries operated as a theocracy.,two people walking in front of a mural on a wall
1,"Jack Johnson in 1920 with his second wife, Lucille Cameron. He was often criticized for his romantic relationships with white women.",a black and white photo of a man and a woman
2,"Rachel Dolezal reportedly received over $80,000 while receiving food assistance and child care assistance from Washington state’s Department of Social and Health Services.",a woman standing in front of a video camera
3,"Bishop Michael Curry (C) leaves the National City Christian Church to march to the White House for a vigil on May 24, 2018.",a group of people walking down the street at a protest
4,"John Jay Smith, 60, faces multiple felony charges for threatening Muslim students with weapons while they were eating outside a McDonald's in Florida.",a screenshot of a news report with a man saying get out of my country
5,A student and adult embrace outside Noblesville West Middle School after a shooting at the Indiana school on Friday.,a woman holding a child in front of a school bus
6,"David Cross first defended Jeffrey Tambor against Jessica Walter's criticism and then said Walter once yelled, too.",a man with a beard and a hat
7,"T is for “trademark infringement.” The producers of this summer’s “The Happytime Murders,” a buddy-puppet-cop movie starring Melissa McCarthy, are being sued by the makers of “Sesame Street.”",two people standing on a street with their faces painted on
8,A former model who accused George Takei (above) of sexual assault says the New York Observer mischaracterized comments he made recently about the incident.,an older man is smiling on a red
